"HomeTeam","AwayTeam","FTHG","FTAG","FTR","B365H","B365D","B365A","BWH","BWD","BWA","PSH","PSD","PSA","WHH","WHD","WHA","MaxH","MaxD","MaxA"
"Almeria","Vallecano",0,2,"A",2.45,3.3,2.9,2.5,3.2,2.87,2.62,3.3,2.96,2.4,3,2.7,2.63,3.44,3.04
"Sevilla","Valencia",1,2,"A",1.91,3.5,4.2,1.93,3.3,4.2,1.95,3.47,4.48,1.8,3.1,4,1.98,3.54,4.5
"Sociedad","Girona",1,1,"D",1.62,4,5.25,1.6,3.9,5.75,1.65,4.05,5.66,1.5,3.6,5.5,1.68,4.14,6
"Las Palmas","Mallorca",1,1,"D",2.4,3,3.3,2.4,3,3.2,2.45,3.02,3.46,2.3,2.8,3,2.5,3.15,3.47
"Ath Bilbao","Real Madrid",0,2,"A",3.3,3.5,2.15,3.4,3.5,2.05,3.43,3.58,2.19,3.2,3.2,2,3.6,3.65,2.22
"Celta","Osasuna",0,2,"A",2.05,3.2,3.9,2.05,3.25,3.7,2.15,3.19,3.99,2,3,3.4,2.2,3.44,3.99
"Villarreal","Betis",1,2,"A",1.75,4,4.2,1.73,3.9,4.5,1.81,3.98,4.43,1.62,3.7,4.2,1.83,4.1,4.7
"Getafe","Barcelona",0,0,"D",6.5,3.8,1.57,6,4,1.57,6.69,4.04,1.57,5.8,3.7,1.44,6.7,4.2,1.61
"Cadiz","Alaves",1,0,"H",2.2,3,3.75,2.15,3.1,3.8,2.25,3.08,3.86,2,2.88,3.6,2.26,3.23,4
"Ath Madrid","Granada",3,1,"H",1.3,5.5,9.5,1.3,5.5,10.5,1.31,5.76,10.3,1.22,4.8,9.5,1.33,6,11.2
"Mallorca","Villarreal",0,1,"A",2.8,3.2,2.6,2.87,3.1,2.55,3.04,3.13,2.68,2.75,2.88,2.45,3.1,3.25,2.71
"Valencia","Las Palmas",1,0,"H",1.57,3.9,6,1.58,3.9,6,1.61,4.02,6.49,1.53,3.5,5.5,1.65,4.1,6.6
"Sociedad","Celta",1,1,"D",1.73,3.4,5.5,1.75,3.5,5,1.76,3.54,5.57,1.67,3.25,4.5,1.83,3.64,5.6
"Almeria","Real Madrid",1,3,"A",8,4.75,1.4,7.75,4.8,1.39,8.15,5.11,1.4,7.5,4.4,1.3,8.5,5.3,1.43
"Osasuna","Ath Bilbao",0,2,"A",2.9,3,2.63,2.75,3.1,2.65,2.89,3.1,2.79,2.6,2.9,2.5,2.95,3.29,2.8
"Girona","Getafe",3,0,"H",2.05,3.1,4,2.05,3.1,4,2.06,3.22,4.31,2,2.9,3.6,2.1,3.37,4.4
"Barcelona","Cadiz",2,0,"H",1.2,7,13,1.21,6.5,14.5,1.21,6.9,14.96,1.17,5.8,11,1.25,7.5,17
"Betis","Ath Madrid",0,0,"D",3.8,3.4,2,3.8,3.4,2,3.93,3.57,2.02,3.5,3.2,1.91,4,3.68,2.08
"Alaves","Sevilla",4,3,"H",3.3,3.1,2.35,3.25,3,2.37,3.45,3.1,2.41,3.1,2.8,2.25,3.55,3.23,2.45
"Granada","Vallecano",0,2,"A",2.75,3,2.8,2.6,3.1,2.85,2.68,3.09,3.03,2.45,2.88,2.7,2.75,3.26,3.1
"Cadiz","Villarreal",3,1,"H",3.4,3.4,2.15,3.3,3.5,2.15,3.43,3.59,2.21,2.88,3.25,2.1,3.5,3.72,2.21
"Almeria","Celta",2,3,"A",2.8,3.4,2.5,2.87,3.25,2.45,3.04,3.33,2.55,2.75,3.1,2.3,3.09,3.42,2.6
"Sociedad","Granada",5,3,"H",1.44,4.5,7,1.44,4.6,7.25,1.47,4.63,7.49,1.33,4.2,7,1.5,4.8,7.5
"Real Madrid","Getafe",2,1,"H",1.33,5.25,9.5,1.31,5.25,10,1.34,5.13,10.76,1.2,5,11,1.36,5.4,11.5
"Alaves","Valencia",1,0,"H",2.9,2.88,2.75,2.9,3,2.65,2.96,2.99,2.82,2.8,2.7,2.5,3.04,3,2.85
"Betis","Vallecano",1,0,"H",1.95,3.4,4,1.95,3.5,3.9,1.98,3.55,4.14,1.8,3.3,3.7,2.05,3.64,4.25
"Girona","Las Palmas",1,0,"H",1.67,3.8,5.25,1.66,3.8,5.25,1.69,3.83,5.59,1.57,3.3,5.5,1.72,4,5.6
"Mallorca","Ath Bilbao",0,0,"D",3.3,3,2.38,3.1,3.1,2.4,3.3,3.11,2.49,2.9,2.88,2.3,3.4,3.21,2.49
"Osasuna","Barcelona",1,2,"A",5.25,4,1.65,5,4,1.65,5.37,4.17,1.65,4.4,3.6,1.62,5.4,4.33,1.7
"Vallecano","Alaves",2,0,"H",2,3.25,4,1.98,3.1,4.33,2.03,3.23,4.52,1.85,2.9,4.2,2.06,3.35,4.6
"Ath Bilbao","Cadiz",3,0,"H",1.53,4,7,1.55,4,6.25,1.56,4.17,6.66,1.44,3.7,6.5,1.59,4.33,7
"Valencia","Ath Madrid",3,0,"H",3.8,3.3,2.05,3.7,3.4,2.05,3.93,3.41,2.08,3.6,3.1,1.91,4.04,3.5,2.13
"Celta","Mallorca",0,1,"A",2,3.1,4.33,2,3.1,4.1,2.08,3.13,4.4,1.95,2.88,3.75,2.11,3.25,4.5
"Barcelona","Betis",5,0,"H",1.36,5.25,7.5,1.39,5,7.25,1.38,5.4,8.04,1.3,4.6,7,1.4,5.6,8.5
"Getafe","Osasuna",3,2,"H",2.63,3,3,2.6,2.9,3.1,2.65,2.93,3.24,2.4,2.7,3,2.68,3.09,3.26
"Villarreal","Almeria",2,1,"H",1.44,4.5,7,1.47,4.75,6,1.48,4.98,6.38,1.4,4.33,5.5,1.53,5.1,7
"Sevilla","Las Palmas",1,0,"H",1.62,4,5.5,1.63,3.9,5.25,1.64,3.93,5.99,1.53,3.5,5.5,1.68,4.08,6
"Real Madrid","Sociedad",2,1,"H",1.65,4,5,1.63,4,5.25,1.69,3.97,5.31,1.53,3.75,4.75,1.73,4.2,5.5
"Granada","Girona",2,4,"A",2.63,3.5,2.6,2.65,3.3,2.6,2.78,3.44,2.65,2.6,3.1,2.4,2.8,3.52,2.7
"Alaves","Ath Bilbao",0,2,"A",4.2,3,2.05,3.9,3.1,2.1,4.27,3.16,2.12,3.7,2.9,1.95,4.33,3.24,2.15
"Girona","Mallorca",5,3,"H",1.85,3.5,4.2,1.88,3.4,4.2,1.94,3.39,4.54,1.85,3.1,3.9,1.98,3.5,4.8
"Osasuna","Sevilla",0,0,"D",2.6,3.1,2.88,2.5,3.25,2.87,2.62,3.22,2.99,2.3,3,2.8,2.64,3.36,3.2
"Barcelona","Celta",3,2,"H",1.29,6,9,1.29,5.75,9.5,1.29,6.04,10.38,1.2,5.5,9.5,1.32,6.41,11.3
"Almeria","Valencia",2,2,"D",3,3.6,2.3,3,3.4,2.3,3.11,3.53,2.36,2.8,3.1,2.25,3.19,3.62,2.41
"Sociedad","Getafe",4,3,"H",1.53,3.8,7,1.55,3.7,7,1.56,3.82,7.76,1.44,3.4,6.5,1.62,3.98,8.3
"Vallecano","Villarreal",1,1,"D",2.5,3.5,2.63,2.5,3.5,2.65,2.56,3.54,2.83,2.3,3.25,2.6,2.6,3.73,2.83
"Betis","Cadiz",1,1,"D",1.8,3.5,4.5,1.83,3.5,4.4,1.86,3.62,4.64,1.7,3.4,4.2,1.9,3.73,4.64
"Las Palmas","Granada",1,0,"H",1.95,3.5,3.6,2,3.4,3.7,2.05,3.56,3.87,1.91,3.1,3.6,2.08,3.64,3.95
"Ath Madrid","Real Madrid",3,1,"H",2.7,3.4,2.55,2.75,3.3,2.5,2.88,3.37,2.61,2.7,3,2.4,3.02,3.5,2.63
"Sevilla","Almeria",5,1,"H",1.67,3.8,5,1.66,4,4.8,1.7,4.1,5.09,1.44,3.9,5.5,1.75,4.22,5.75
"Mallorca","Barcelona",2,2,"D",7.5,4.2,1.5,6.75,4.2,1.49,6.98,4.53,1.51,6,4,1.4,7.5,4.68,1.55
"Ath Bilbao","Getafe",2,2,"D",1.62,3.6,6.5,1.6,3.8,6,1.64,3.76,6.51,1.5,3.4,6,1.71,3.85,6.51
"Real Madrid","Las Palmas",2,0,"H",1.2,7,11,1.21,6.75,13.5,1.21,7.24,13.67,1.18,5.5,10,1.24,7.5,15
"Villarreal","Girona",1,2,"A",2.25,3.5,3.1,2.25,3.7,2.9,2.22,3.72,3.23,2.15,3.4,2.75,2.32,3.8,3.3
"Cadiz","Vallecano",0,0,"D",2.5,3.2,2.88,2.5,3.1,2.95,2.64,3.17,3,2.3,3,2.8,2.66,3.31,3.02
"Valencia","Sociedad",0,1,"A",2.63,3.1,2.8,2.55,3.1,2.87,2.68,3.18,2.94,2.45,2.9,2.7,2.76,3.3,2.96
"Celta","Alaves",1,1,"D",1.7,3.6,5.25,1.71,3.5,5.5,1.71,3.59,5.97,1.65,3.2,4.8,1.75,3.73,6
"Granada","Betis",1,1,"D",3,3.3,2.38,2.87,3.4,2.4,3.11,3.53,2.36,2.8,3,2.3,3.19,3.64,2.45
"Osasuna","Ath Madrid",0,2,"A",3.4,3.4,2.15,3.3,3.4,2.15,3.68,3.47,2.14,3.25,3.1,2,3.72,3.58,2.22
"Barcelona","Sevilla",1,0,"H",1.36,5.25,8,1.37,5.25,7.5,1.39,5.36,7.97,1.35,5.5,8,1.41,5.75,9
"Getafe","Villarreal",0,0,"D",2.9,3.1,2.6,2.8,3.3,2.5,3,3.25,2.59,2.8,3.25,2.5,3.1,3.35,2.65
"Vallecano","Mallorca",2,2,"D",2.1,3.1,4,2.2,3.2,3.5,2.16,3.16,4.04,2.2,3.1,3.6,2.25,3.25,4.04
"Girona","Real Madrid",0,3,"A",3.5,4,1.95,3.6,3.75,1.95,3.56,4.02,2,3.6,3.8,1.91,3.7,4.1,2.02
"Sociedad","Ath Bilbao",3,0,"H",2.2,3.2,3.5,2.2,3.2,3.4,2.26,3.3,3.53,2.15,3.25,3.5,2.28,3.39,3.65
"Almeria","Granada",3,3,"D",1.95,3.6,3.75,1.98,3.7,3.6,1.92,3.68,3.96,1.95,3.7,3.7,2.02,3.93,4.1
"Alaves","Osasuna",0,2,"A",2.75,3,2.8,2.65,3,2.85,2.76,2.99,2.89,2.7,3.1,2.75,2.81,3.21,3
"Ath Madrid","Cadiz",3,2,"H",1.33,5,10,1.35,5,8.75,1.35,4.99,8.91,1.33,5,9.5,1.39,5.34,10
"Betis","Valencia",3,0,"H",2.3,3.25,3.3,2.3,3.3,3.1,2.31,3.29,3.26,2.3,3.3,3.1,2.39,3.44,3.33
"Las Palmas","Celta",2,1,"H",2.5,3.2,3,2.37,3.2,3.1,2.52,3.15,2.99,2.4,3.2,3,2.58,3.37,3.1
"Ath Bilbao","Almeria",3,0,"H",1.36,5,8,1.38,5,7.5,1.38,5.41,8.23,1.33,5.5,8,1.42,5.6,9
"Cadiz","Girona",0,1,"A",3.25,3.4,2.25,3.2,3.4,2.25,3.28,3.4,2.33,3.2,3.4,2.2,3.35,3.5,2.36
"Real Madrid","Osasuna",4,0,"H",1.29,6,9.5,1.3,5.5,9.5,1.3,5.95,10.38,1.29,5.5,10,1.33,6,11
"Mallorca","Valencia",1,1,"D",2.5,3,3.2,2.45,3.1,3.1,2.54,3.05,3.26,2.4,3.1,3.1,2.6,3.18,3.28
"Sevilla","Vallecano",2,2,"D",1.85,3.6,4.2,1.8,3.6,4.33,1.91,3.61,4.39,1.85,3.5,4.2,1.93,3.67,4.5
"Villarreal","Las Palmas",1,2,"A",1.6,4,5.75,1.6,4.2,5.25,1.63,4.21,5.56,1.57,4.2,5.5,1.65,4.35,6
"Ath Madrid","Sociedad",2,1,"H",1.83,3.4,4.5,1.85,3.5,4.33,1.93,3.39,4.59,1.85,3.5,4.2,1.95,3.58,4.85
"Alaves","Betis",1,1,"D",2.8,3.25,2.6,2.8,3.1,2.65,2.93,3.2,2.68,2.75,3.2,2.62,2.97,3.3,2.74
"Celta","Getafe",2,2,"D",2.05,3.1,4.2,2.05,3.2,3.9,2.07,3.23,4.23,2,3.2,4,2.1,3.26,4.3
"Granada","Barcelona",2,2,"D",6.5,5.25,1.4,7,5,1.4,6.89,5.36,1.43,7,5,1.4,7.5,5.5,1.45
"Osasuna","Granada",2,0,"H",1.73,3.8,4.75,1.73,3.75,4.6,1.72,3.99,5.13,1.73,3.75,4.6,1.77,4.03,5.2
"Sociedad","Mallorca",1,0,"H",1.55,3.8,7,1.57,3.75,6.75,1.57,3.91,7.23,1.53,3.8,7,1.61,4,8
"Getafe","Betis",1,1,"D",2.5,3,3.1,2.45,3.1,3,2.51,3.11,3.25,2.38,3.2,3.1,2.55,3.31,3.3
"Sevilla","Real Madrid",1,1,"D",4.2,3.6,1.85,3.9,3.75,1.88,4.18,3.91,1.87,4,3.9,1.8,4.2,4.06,1.9
"Celta","Ath Madrid",0,3,"A",3.5,3.5,2.1,3.4,3.4,2.1,3.65,3.53,2.12,3.5,3.5,2.05,3.8,3.66,2.15
"Las Palmas","Vallecano",0,1,"A",2.63,3.1,2.8,2.65,3.1,2.8,2.71,3.12,2.96,2.6,3.2,2.75,2.73,3.34,3
"Girona","Almeria",5,2,"H",1.45,4.5,7,1.47,4.6,6.5,1.47,4.89,6.71,1.44,4.8,6.5,1.51,5,7
"Villarreal","Alaves",1,1,"D",1.7,3.75,5,1.71,3.75,4.8,1.74,3.98,4.95,1.67,3.8,5,1.75,4.01,5.25
"Barcelona","Ath Bilbao",1,0,"H",1.62,4,5.5,1.62,4,5.25,1.68,4.14,5.16,1.62,4,5,1.71,4.25,5.5
"Valencia","Cadiz",2,0,"H",1.75,3.6,5,1.77,3.5,4.75,1.78,3.6,5.29,1.73,3.6,5,1.84,3.75,5.4
"Girona","Celta",1,0,"H",1.7,4.2,4.5,1.68,4,4.6,1.69,4.27,4.84,1.65,4.2,4.6,1.75,4.37,5.04
"Almeria","Las Palmas",1,2,"A",2.25,3.5,3.1,2.3,3.4,3,2.37,3.46,3.15,2.25,3.5,3,2.43,3.6,3.22
"Barcelona","Real Madrid",1,2,"A",2.55,3.6,2.6,2.5,3.6,2.6,2.55,3.66,2.76,2.5,3.6,2.6,2.69,3.78,2.78
"Mallorca","Getafe",0,0,"D",2.25,3,3.5,2.25,3,3.5,2.35,3.03,3.67,2.25,3,3.5,2.37,3.17,3.8
"Cadiz","Sevilla",2,2,"D",3.3,3.25,2.25,3.1,3.3,2.3,3.39,3.37,2.29,3.25,3.4,2.2,3.41,3.52,2.33
"Betis","Osasuna",2,1,"H",2.05,3.5,3.6,2,3.4,3.7,2.1,3.4,3.89,2,3.4,3.7,2.12,3.56,3.92
"Vallecano","Sociedad",2,2,"D",3.1,3.2,2.38,3,3.1,2.4,3.34,3.11,2.46,3.1,3.2,2.38,3.35,3.29,2.49
"Ath Bilbao","Valencia",2,2,"D",1.62,3.8,5.75,1.68,3.7,5.25,1.64,3.96,5.95,1.62,3.8,5.5,1.69,4.01,6
"Ath Madrid","Alaves",2,1,"H",1.4,4.75,8.5,1.36,4.8,8.75,1.4,4.96,8.74,1.35,4.75,9,1.43,5.25,9.5
"Granada","Villarreal",2,3,"A",3.1,3.5,2.25,2.85,3.6,2.35,3.16,3.62,2.29,2.88,3.6,2.3,3.17,3.8,2.39
"Las Palmas","Ath Madrid",2,1,"H",5.75,3.6,1.65,5.5,3.7,1.66,5.74,3.85,1.68,5.8,3.75,1.57,6.15,3.91,1.69
"Osasuna","Girona",2,4,"A",2.9,3.4,2.4,2.8,3.4,2.45,2.88,3.47,2.51,2.75,3.4,2.38,2.97,3.58,2.54
"Betis","Mallorca",2,0,"H",1.91,3.3,4.5,1.9,3.4,4.2,1.93,3.37,4.52,1.83,3.4,4.2,1.96,3.54,4.7
"Celta","Sevilla",1,1,"D",2.6,3.4,2.7,2.45,3.4,2.8,2.58,3.49,2.79,2.5,3.4,2.62,2.63,3.58,2.82
"Sociedad","Barcelona",0,1,"A",3.1,3.5,2.25,3.1,3.5,2.2,3.37,3.55,2.2,3.1,3.5,2.15,3.41,3.68,2.29
"Alaves","Almeria",1,0,"H",1.75,3.75,4.75,1.8,3.6,4.33,1.78,3.8,4.75,1.75,3.6,4.4,1.82,3.91,5
"Valencia","Granada",1,0,"H",1.65,4,5,1.65,3.9,5.25,1.66,4.13,5.24,1.6,4,5,1.69,4.25,5.5
"Villarreal","Ath Bilbao",2,3,"A",2.8,3.6,2.4,2.9,3.5,2.3,3.06,3.58,2.34,2.8,3.6,2.25,3.13,3.72,2.42
"Real Madrid","Vallecano",0,0,"D",1.29,5.5,12,1.27,6,10.5,1.27,6.24,10.53,1.22,6,11,1.31,6.6,12
"Getafe","Cadiz",1,0,"H",1.91,3.1,4.75,1.93,3.2,4.5,1.93,3.19,4.88,1.91,3.1,4.5,1.98,3.37,4.9
"Ath Bilbao","Celta",4,3,"H",1.67,3.8,5,1.65,4,5,1.69,4.17,5.04,1.6,4,5,1.73,4.21,5.95
"Vallecano","Girona",1,2,"A",2.88,3.5,2.4,2.8,3.6,2.37,2.92,3.48,2.48,2.7,3.5,2.38,2.97,3.7,2.5
"Almeria","Sociedad",1,3,"A",4.75,3.8,1.73,4.4,3.9,1.75,4.83,4.01,1.72,4.5,3.9,1.67,4.9,4.1,1.78
"Granada","Getafe",1,1,"D",2.5,3.1,3,2.5,3.2,2.9,2.58,3.16,3.04,2.45,3.1,2.88,2.63,3.33,3.08
"Osasuna","Las Palmas",1,1,"D",1.95,3.4,4,1.95,3.3,4.1,2,3.25,4.42,1.91,3.3,4,2.05,3.5,4.5
"Real Madrid","Valencia",5,1,"H",1.33,5.5,8.5,1.34,5.25,8.5,1.32,5.6,9.7,1.29,5.5,9.5,1.36,5.8,10.25
"Barcelona","Alaves",2,1,"H",1.25,6,11,1.24,6.25,11.5,1.24,6.51,11.82,1.22,5.8,12,1.29,6.8,13
"Sevilla","Betis",1,1,"D",2.05,3.5,3.6,2.05,3.5,3.4,2.17,3.52,3.46,2.05,3.5,3.3,2.18,3.68,3.6
"Ath Madrid","Villarreal",3,1,"H",1.36,5.5,7.5,1.36,5.25,7.75,1.38,5.43,7.71,1.33,5,8,1.41,5.6,8.5
"Alaves","Granada",3,1,"H",1.7,3.6,5,1.72,3.6,5,1.76,3.74,5.15,1.65,3.7,5,1.8,3.91,5.3
"Vallecano","Barcelona",1,1,"D",5.25,4,1.65,5,4,1.65,5.39,4.09,1.65,4.8,4.2,1.6,5.4,4.3,1.68
"Valencia","Celta",0,0,"D",2.2,3.25,3.5,2.1,3.4,3.4,2.19,3.43,3.51,2.1,3.4,3.25,2.22,3.5,3.6
"Getafe","Almeria",2,1,"H",1.65,3.75,5.5,1.66,3.8,5.25,1.68,3.86,5.46,1.62,3.8,5.5,1.72,3.96,5.7
"Ath Madrid","Mallorca",1,0,"H",1.33,5,9.5,1.36,4.8,8.75,1.37,4.89,9.37,1.33,4.75,8.5,1.4,5,10
"Villarreal","Osasuna",3,1,"H",2.15,3.5,3.3,2.15,3.5,3.25,2.17,3.49,3.5,2.15,3.5,3.1,2.22,3.62,3.53
"Sociedad","Sevilla",2,1,"H",1.75,3.6,4.75,1.77,3.7,4.5,1.76,3.76,4.92,1.7,3.6,4.75,1.8,3.88,5.3
"Cadiz","Real Madrid",0,3,"A",6,4.5,1.5,6.25,4.4,1.5,6.67,4.68,1.48,6,4.4,1.5,6.9,4.8,1.53
"Betis","Las Palmas",1,0,"H",1.7,3.75,5.25,1.7,3.7,5.25,1.65,3.91,5.66,1.65,3.7,5,1.71,4,6.56
"Girona","Ath Bilbao",1,1,"D",2.25,3.5,3.1,2.25,3.6,2.95,2.32,3.69,3.01,2.25,3.6,2.88,2.35,3.8,3.15
"Mallorca","Cadiz",1,1,"D",1.95,3.2,4.33,1.98,3.2,4.2,1.99,3.21,4.56,1.91,3.3,4.2,2.04,3.39,4.75
"Las Palmas","Getafe",2,0,"H",2.38,2.9,3.4,2.4,2.9,3.3,2.49,2.95,3.48,2.38,3,3.2,2.52,3.13,3.52
"Girona","Valencia",2,1,"H",1.7,4,4.75,1.7,3.9,4.75,1.71,3.97,5,1.65,3.9,4.75,1.73,4.17,5.3
"Ath Bilbao","Vallecano",4,0,"H",1.57,4.2,5.75,1.61,4.1,5.25,1.57,4.32,5.92,1.57,4,5.5,1.65,4.4,6.2
"Real Madrid","Granada",2,0,"H",1.17,8,15,1.17,8,15.5,1.16,8.84,14.66,1.11,8.5,17,1.18,9.4,19
"Osasuna","Sociedad",1,1,"D",3.4,3.25,2.2,3.4,3.2,2.2,3.75,3.24,2.18,3.3,3.2,2.2,3.82,3.37,2.3
"Mallorca","Alaves",0,0,"D",2.45,3,3.25,2.35,3,3.3,2.47,2.99,3.41,2.4,3,3.1,2.52,3.17,3.45
"Almeria","Betis",0,0,"D",3.2,3.6,2.2,3.2,3.6,2.15,3.36,3.66,2.16,3.1,3.7,2.1,3.45,3.73,2.23
"Sevilla","Villarreal",1,1,"D",2,3.6,3.6,2.1,3.7,3.2,2.05,3.73,3.58,2.05,3.75,3.1,2.2,3.85,3.64
"Barcelona","Ath Madrid",1,0,"H",2,3.75,3.5,2,3.6,3.6,2.05,3.76,3.57,1.95,3.7,3.5,2.1,3.84,3.78
"Celta","Cadiz",1,1,"D",1.57,3.8,6.5,1.61,3.9,5.5,1.61,4.13,5.8,1.57,3.9,5.5,1.65,4.25,6.5
"Getafe","Valencia",1,0,"H",2.6,2.9,3.1,2.65,2.85,3.1,2.76,2.88,3.14,2.5,2.9,3,2.77,2.91,3.24
"Alaves","Las Palmas",0,1,"A",2.1,3,4.2,2.05,3.2,4,2.08,3.16,4.2,1.95,3.25,3.9,2.12,3.33,4.33
"Betis","Real Madrid",1,1,"D",4.2,3.8,1.8,4,3.75,1.83,4.39,3.92,1.81,4,3.9,1.75,4.5,4.03,1.86
"Villarreal","Sociedad",0,3,"A",3.4,3.4,2.1,3.25,3.4,2.15,3.45,3.55,2.16,3.3,3.5,2.05,3.6,3.68,2.31
"Mallorca","Sevilla",1,0,"H",2.75,3.1,2.75,2.65,3.2,2.75,2.69,3.16,2.9,2.6,3.2,2.62,2.75,3.29,2.95
"Ath Madrid","Almeria",2,1,"H",1.22,6.5,12,1.22,6.75,11.5,1.19,7.63,13.51,1.2,6.5,11,1.25,8.1,14
"Cadiz","Osasuna",1,1,"D",2.9,3.1,2.55,2.9,3.1,2.5,2.99,3.14,2.63,2.8,3.2,2.45,3.05,3.27,2.63
"Barcelona","Girona",2,4,"A",1.53,5,5.5,1.53,4.5,5.5,1.52,4.9,5.7,1.44,4.75,5.5,1.59,5,6.05
"Granada","Ath Bilbao",1,1,"D",5,4,1.67,4.75,4,1.68,4.85,4.16,1.69,4.5,4,1.65,5.03,4.3,1.78
"Vallecano","Celta",0,0,"D",2.45,3.1,3.1,2.4,3.3,2.9,2.51,3.31,3.02,2.3,3.4,2.88,2.54,3.5,3.11
"Osasuna","Vallecano",1,0,"H",2.2,3.2,3.5,2.2,3.1,3.6,2.29,3.16,3.63,2.1,3.25,3.4,2.31,3.33,3.81
"Celta","Granada",1,0,"H",1.67,4,5,1.66,4,4.8,1.67,4.1,5.13,1.62,4,4.75,1.71,4.22,5.3
"Ath Bilbao","Ath Madrid",2,0,"H",2.45,3.3,2.9,2.45,3.4,2.85,2.45,3.52,2.94,2.3,3.5,2.8,2.55,3.64,3.01
"Sevilla","Getafe",0,3,"A",1.95,3.4,4.2,1.95,3.3,4,1.97,3.39,4.32,1.85,3.5,4,2,3.6,5
"Valencia","Barcelona",1,1,"D",5,3.8,1.67,5.25,4,1.63,5.2,4.06,1.67,4.8,4,1.62,5.5,4.16,1.71
"Almeria","Mallorca",0,0,"D",2.7,3.2,2.7,2.65,3.25,2.65,2.66,3.3,2.83,2.6,3.3,2.6,2.7,3.43,2.89
"Sociedad","Betis",0,0,"D",1.7,4,5,1.7,3.75,5,1.7,3.9,5.17,1.65,3.8,4.8,1.75,4,5.3
"Las Palmas","Cadiz",1,1,"D",1.91,3.3,4.33,1.9,3.3,4.33,1.96,3.31,4.49,1.91,3.4,4,2.05,3.49,4.6
"Real Madrid","Villarreal",4,1,"H",1.29,6,9,1.3,6,8.75,1.29,6.3,9.21,1.22,6.5,9.5,1.32,6.6,10.5
"Girona","Alaves",3,0,"H",1.53,4,6.5,1.55,4.2,5.75,1.57,4.38,5.79,1.5,4.33,5.8,1.59,4.5,6.5
"Vallecano","Valencia",0,1,"A",2.2,3.2,3.5,2.2,3.1,3.5,2.24,3.18,3.74,2.1,3.25,3.4,2.28,3.4,3.77
"Ath Madrid","Getafe",3,3,"D",1.45,4.33,7.5,1.47,4.33,7.25,1.48,4.45,7.67,1.4,4.4,7.5,1.49,5,9
"Granada","Sevilla",0,3,"A",2.8,3.4,2.5,2.85,3.25,2.5,2.96,3.3,2.59,2.75,3.25,2.45,3.05,3.42,2.65
"Barcelona","Almeria",3,2,"H",1.14,8.5,15,1.14,9.25,16.5,1.13,10.49,16.19,1.1,9,17,1.16,11,20
"Ath Bilbao","Las Palmas",1,0,"H",1.36,5,7,1.39,4.75,8.25,1.39,4.99,8.41,1.33,4.75,8.5,1.44,5.2,9.5
"Villarreal","Celta",3,2,"H",2.4,3.6,2.88,2.35,3.4,2.9,2.42,3.52,2.98,2.38,3.5,2.7,2.48,3.8,3.02
"Betis","Girona",1,1,"D",2.8,3.5,2.38,2.65,3.6,2.45,2.87,3.69,2.42,2.62,3.6,2.38,2.91,3.75,2.5
"Cadiz","Sociedad",0,0,"D",4.75,3.1,1.75,4.6,3.4,1.82,4.8,3.42,1.87,4.33,3.5,1.8,5,3.6,1.92
"Alaves","Real Madrid",0,1,"A",5.75,4,1.53,5.75,4.2,1.57,5.93,4.26,1.58,5.5,4.33,1.5,6,4.42,1.65
"Mallorca","Osasuna",3,2,"H",2.3,2.9,3.3,2.35,2.95,3.3,2.42,2.98,3.51,2.25,3.1,3.2,2.45,3.17,3.6
"Ath Madrid","Sevilla",1,0,"H",1.53,4.33,5.75,1.5,4.4,6,1.54,4.51,6.05,1.5,4.33,5.8,1.56,4.63,6.5
"Getafe","Vallecano",0,2,"A",2.38,3,3.3,2.4,3,3.25,2.42,3,3.5,2.3,3,3.3,2.53,3.11,3.75
"Sociedad","Alaves",1,1,"D",1.6,3.75,6.5,1.58,3.75,6.25,1.59,3.9,6.58,1.53,3.75,6.5,1.64,3.99,7
"Valencia","Villarreal",3,1,"H",2.05,3.5,3.6,2,3.4,3.7,2.04,3.49,3.9,2,3.5,3.4,2.12,3.68,4
"Granada","Cadiz",2,0,"H",2.25,3.1,3.5,2.25,3.25,3.3,2.26,3.19,3.59,2.15,3.2,3.4,2.31,3.31,3.65
"Celta","Betis",2,1,"H",2.4,3.3,3,2.3,3.4,2.95,2.47,3.33,3.05,2.3,3.4,2.9,2.49,3.55,3.08
"Real Madrid","Mallorca",1,0,"H",1.2,6.5,15,1.24,6.25,12.5,1.23,6.68,12.58,1.2,6,13,1.28,7.1,15
"Girona","Ath Madrid",4,3,"H",2.55,3.6,2.63,2.45,3.7,2.65,2.61,3.55,2.71,2.45,3.5,2.6,2.64,3.76,2.76
"Osasuna","Almeria",1,0,"H",1.7,4,4.75,1.66,3.9,5,1.71,3.94,5.03,1.65,3.9,4.6,1.76,4.05,5.1
"Sevilla","Ath Bilbao",0,2,"A",3,3.3,2.38,3,3.3,2.35,3.17,3.24,2.45,3,3.4,2.25,3.2,3.54,2.47
"Las Palmas","Barcelona",1,2,"A",5.5,4.33,1.57,5.5,4.33,1.57,5.82,4.39,1.57,5.5,4.2,1.53,6,4.5,1.61
"Sevilla","Alaves",2,3,"A",1.91,3.4,4.2,1.95,3.25,4.33,1.95,3.4,4.52,1.91,3.3,4,1.97,3.43,4.68
"Las Palmas","Villarreal",3,0,"H",2.5,3.3,2.8,2.45,3.3,2.85,2.52,3.39,2.94,2.45,3.25,2.8,2.61,3.45,2.97
"Mallorca","Celta",1,1,"D",2.5,3.1,3,2.45,3,3.1,2.57,3.02,3.2,2.5,3,2.9,2.67,3.15,3.25
"Ath Bilbao","Sociedad",2,1,"H",2,3.4,3.8,2.05,3.4,3.7,2.02,3.47,4,1.95,3.4,3.7,2.1,3.52,4.1
"Betis","Granada",1,0,"H",1.62,4.2,4.75,1.6,4.1,5.5,1.65,4.04,5.49,1.57,4,5.5,1.68,4.22,5.7
"Almeria","Girona",0,0,"D",4.5,4,1.7,4.5,4.2,1.68,4.71,4.42,1.67,4.33,4.2,1.65,4.8,4.53,1.73
"Cadiz","Valencia",1,4,"A",2.88,3,2.7,2.8,3.1,2.6,3.02,2.96,2.75,2.8,3,2.6,3.05,3.15,2.79
"Alaves","Cadiz",1,0,"H",1.7,3.5,5.75,1.72,3.3,5.75,1.73,3.51,6,1.62,3.5,5.8,1.77,3.61,6
"Vallecano","Las Palmas",0,2,"A",1.85,3.3,4.5,1.9,3.3,4.33,1.93,3.42,4.5,1.83,3.5,4.2,1.99,3.54,4.6
"Villarreal","Mallorca",1,1,"D",2.05,3.5,3.6,2.1,3.4,3.5,2.1,3.5,3.68,2,3.5,3.4,2.14,3.62,3.78
"Valencia","Ath Bilbao",1,0,"H",3.3,3.3,2.25,3.3,3.3,2.15,3.47,3.46,2.19,3.25,3.4,2.1,3.52,3.5,2.29
"Celta","Sociedad",0,1,"A",3.25,3,2.4,3.1,3.1,2.4,3.21,3.08,2.52,3.1,3.1,2.38,3.4,3.17,2.55
"Osasuna","Getafe",3,2,"H",2.15,3,4,2.1,3.1,3.7,2.21,3.11,3.87,2.1,3.2,3.5,2.23,3.29,4
"Real Madrid","Almeria",3,2,"H",1.13,10,17,1.16,8.5,16,1.15,9.58,15.8,1.11,8.5,17,1.17,10,19
"Betis","Barcelona",2,4,"A",4.33,3.8,1.8,4,3.75,1.83,4.29,4.01,1.81,4.2,3.8,1.75,4.5,4.1,1.84
"Girona","Sevilla",5,1,"H",1.73,4,4.5,1.71,4.1,4.4,1.74,3.93,4.81,1.67,4,4.4,1.79,4.16,5
"Granada","Ath Madrid",0,1,"A",4.75,3.8,1.7,4.8,3.9,1.68,5.03,4,1.7,4.4,3.9,1.7,5.2,4.1,1.77
"Almeria","Alaves",0,3,"A",2.6,3.2,2.8,2.6,3.1,2.85,2.64,3.24,2.9,2.5,3.25,2.7,2.66,3.39,2.96
"Sociedad","Vallecano",0,0,"D",1.67,3.75,5.5,1.65,3.7,5.75,1.67,3.73,5.86,1.6,3.7,5.5,1.75,3.87,6.25
"Las Palmas","Real Madrid",1,2,"A",6.5,4.75,1.45,6.5,4.6,1.47,7.18,4.74,1.45,6.5,4.75,1.4,7.3,4.9,1.5
"Barcelona","Villarreal",3,5,"A",1.36,5.5,8,1.33,6,7.5,1.35,5.9,7.75,1.29,5.8,8,1.39,6.2,8.5
"Mallorca","Betis",0,1,"A",2.3,3.2,3.2,2.4,3.1,3.1,2.39,3.13,3.37,2.3,3.2,3,2.44,3.31,3.45
"Celta","Girona",0,1,"A",2.8,3.4,2.5,2.75,3.5,2.45,2.8,3.52,2.55,2.62,3.6,2.38,2.95,3.72,2.57
"Cadiz","Ath Bilbao",0,0,"D",5.5,3.4,1.73,5,3.6,1.72,5.11,3.68,1.76,5,3.6,1.67,6,3.8,1.8
"Sevilla","Osasuna",1,1,"D",2,3.4,3.75,2,3.4,3.8,2.1,3.37,3.84,2,3.4,3.6,2.11,3.53,3.95
"Ath Madrid","Valencia",2,0,"H",1.45,4.33,7,1.49,4.4,6.5,1.51,4.47,6.63,1.44,4.4,6.5,1.53,4.6,7
"Getafe","Granada",2,0,"H",1.8,3.4,4.75,1.82,3.5,4.5,1.82,3.5,5.01,1.75,3.5,4.5,1.88,3.64,5.1
"Barcelona","Osasuna",1,0,"H",1.33,5,10,1.32,5.5,9.25,1.32,5.82,9.33,1.29,5.5,8.5,1.37,6,10.5
"Ath Madrid","Vallecano",2,1,"H",1.5,4.2,6.5,1.49,4.5,6.25,1.5,4.48,6.83,1.44,4.5,6,1.53,4.7,7.5
"Getafe","Real Madrid",0,2,"A",6,4.2,1.55,6,4.1,1.55,6.44,4.18,1.56,5.8,4.2,1.5,6.6,4.33,1.6
"Ath Bilbao","Mallorca",4,0,"H",1.53,3.9,7,1.55,3.8,6.75,1.56,4,7.13,1.5,3.9,6.5,1.59,4.1,7.4
"Valencia","Almeria",2,1,"H",1.65,3.75,5.5,1.65,3.8,5.25,1.67,3.97,5.35,1.62,3.9,5,1.7,4.1,5.54
"Granada","Las Palmas",1,1,"D",2.3,3.2,3.3,2.3,3.2,3.2,2.32,3.23,3.41,2.2,3.25,3.2,2.35,3.43,3.45
"Alaves","Barcelona",1,3,"A",4.33,3.6,1.85,4.1,3.7,1.85,4.31,3.71,1.87,4,3.7,1.8,4.6,3.88,1.91
"Girona","Sociedad",0,0,"D",2.1,3.4,3.5,2.1,3.4,3.4,2.19,3.42,3.52,2.05,3.5,3.3,2.2,3.63,3.63
"Villarreal","Cadiz",0,0,"D",1.62,4,5.5,1.65,4,5,1.66,4.02,5.4,1.62,4,4.8,1.71,4.2,5.6
"Osasuna","Celta",0,3,"A",2.38,3.1,3.3,2.3,3.1,3.2,2.38,3.16,3.36,2.25,3.2,3.1,2.4,3.31,3.41
"Betis","Getafe",1,1,"D",1.91,3.4,4.2,1.9,3.4,4.2,1.9,3.45,4.57,1.85,3.4,4.2,1.95,3.59,4.6
"Real Madrid","Ath Madrid",1,1,"D",1.73,4,4.5,1.75,4,4.2,1.78,4.06,4.36,1.67,4,4.4,1.81,4.2,4.84
"Vallecano","Sevilla",1,2,"A",2.15,3.3,3.5,2.2,3.25,3.4,2.18,3.36,3.61,2.1,3.4,3.25,2.25,3.5,3.66
"Cadiz","Betis",0,2,"A",3,3,2.6,3,2.95,2.6,3.12,2.97,2.7,3,2.9,2.5,3.12,3.05,2.74
"Alaves","Villarreal",1,1,"D",2.2,3.4,3.3,2.15,3.4,3.25,2.24,3.42,3.4,2.1,3.5,3.2,2.27,3.58,3.45
"Sociedad","Osasuna",0,1,"A",1.85,3.2,5,1.83,3.25,4.8,1.89,3.21,5.12,1.8,3.25,4.75,1.97,3.33,5.4
"Real Madrid","Girona",4,0,"H",1.45,5,6,1.44,5,6.25,1.45,5.12,6.54,1.4,4.8,6.5,1.51,5.3,7.21
"Las Palmas","Valencia",2,0,"H",2.75,3,2.9,2.65,3.1,2.8,2.84,2.91,2.97,2.6,3.1,2.7,2.86,3.1,3.05
"Getafe","Celta",3,2,"H",2.2,3.1,3.6,2.15,3.1,3.6,2.24,3.14,3.71,2.2,3.1,3.4,2.31,3.21,3.72
"Mallorca","Vallecano",2,1,"H",2.3,3,3.4,2.35,3,3.4,2.42,2.97,3.54,2.25,3,3.4,2.44,3.07,3.61
"Sevilla","Ath Madrid",1,0,"H",3.5,3.5,2.05,3.4,3.5,2.1,3.6,3.64,2.08,3.3,3.5,2.05,3.68,3.67,2.15
"Barcelona","Granada",3,3,"D",1.22,7.5,10,1.22,6.75,12,1.2,7.83,12.33,1.18,7,12,1.24,8.3,13
"Almeria","Ath Bilbao",0,0,"D",4.33,4,1.73,4.6,3.8,1.72,4.64,3.99,1.76,4.4,3.9,1.7,5,4.09,1.77
"Villarreal","Getafe",1,1,"D",1.95,3.5,3.8,2,3.4,3.7,2.02,3.58,3.93,1.91,3.6,3.6,2.12,3.65,4.02
"Ath Madrid","Las Palmas",5,0,"H",1.5,4.75,6.5,1.44,4.6,7,1.48,4.58,6.96,1.4,4.6,7,1.5,4.82,7.5
"Osasuna","Cadiz",2,0,"H",1.75,3.3,5.5,1.75,3.4,5.25,1.8,3.41,5.36,1.7,3.5,5,1.88,3.5,5.54
"Celta","Barcelona",1,2,"A",3.8,3.8,1.85,3.8,3.8,1.88,4.09,3.88,1.88,3.7,3.8,1.83,4.2,4.05,1.91
"Valencia","Sevilla",0,0,"D",2.25,3.3,3.3,2.2,3.3,3.3,2.29,3.28,3.44,2.15,3.3,3.25,2.3,3.44,3.47
"Vallecano","Real Madrid",1,1,"D",6,3.75,1.62,5.25,4,1.63,5.43,4.12,1.64,5.5,4,1.57,6,4.27,1.67
"Granada","Almeria",1,1,"D",2.1,3.5,3.4,2.15,3.4,3.3,2.19,3.51,3.43,2,3.5,3.4,2.2,3.65,3.55
"Mallorca","Sociedad",1,2,"A",3.4,2.8,2.5,3.25,2.8,2.5,3.4,2.83,2.6,3.2,2.88,2.45,3.45,2.99,2.64
"Betis","Alaves",0,0,"D",2.1,3.3,3.75,2.05,3.3,3.75,2.15,3.31,3.75,1.95,3.4,3.7,2.16,3.54,3.82
"Ath Bilbao","Girona",3,2,"H",1.91,3.6,4,1.98,3.6,3.6,1.94,3.79,3.88,1.95,3.7,3.4,2.02,3.9,4
"Sociedad","Villarreal",1,3,"A",1.73,3.6,5,1.73,3.7,4.8,1.72,3.84,5.25,1.67,3.7,4.8,1.76,4,5.4
"Barcelona","Getafe",4,0,"H",1.4,5,7,1.41,4.8,7,1.42,5.11,7.29,1.36,4.8,7.5,1.47,5.2,8
"Alaves","Mallorca",1,1,"D",1.91,3,5,1.93,3.1,4.6,1.96,3.09,4.98,1.85,3.1,4.75,2,3.2,5.08
"Almeria","Ath Madrid",2,2,"D",4.75,4,1.7,4.4,3.8,1.75,4.55,4.02,1.76,4.33,3.8,1.73,4.82,4.1,1.81
"Cadiz","Celta",2,2,"D",3.1,3,2.5,2.9,3,2.6,3.15,3.04,2.58,2.9,3,2.5,3.21,3.1,2.63
"Betis","Ath Bilbao",3,1,"H",3.6,3.1,2.2,3.3,3.25,2.2,3.63,3.27,2.21,3.4,3.25,2.1,3.63,3.41,2.26
"Las Palmas","Osasuna",1,1,"D",2.38,2.9,3.5,2.4,3.1,3.2,2.44,3.03,3.42,2.3,3.1,3.2,2.48,3.17,3.5
"Real Madrid","Sevilla",1,0,"H",1.29,6,9,1.31,5.5,9.25,1.32,6.02,8.92,1.25,5.8,9.5,1.33,6.2,10.1
"Girona","Vallecano",3,0,"H",1.65,4.2,4.75,1.65,4,5,1.68,4.15,5.01,1.6,4,5,1.7,4.3,5.25
"Celta","Almeria",1,0,"H",1.85,3.6,4.2,1.85,3.6,4.2,1.88,3.78,4.29,1.75,3.75,4.5,1.9,3.85,4.5
"Sevilla","Sociedad",3,2,"H",2.6,3,3,2.5,3.1,3,2.64,3.02,3.09,2.45,3.1,3,2.68,3.1,3.17
"Vallecano","Cadiz",1,1,"D",1.8,3.3,5.25,1.8,3.3,5,1.84,3.32,5.25,1.8,3.4,5,1.87,3.43,5.4
"Getafe","Las Palmas",3,3,"D",2,3.1,4.33,2.05,3.2,4,2.05,3.2,4.27,2,3.25,4,2.12,3.26,4.33
"Valencia","Real Madrid",2,2,"D",5.25,3.8,1.67,5.25,3.9,1.63,5.48,3.96,1.66,5.5,4,1.6,5.7,4.03,1.72
"Villarreal","Granada",5,1,"H",1.65,4,5,1.66,4.1,4.75,1.65,4.33,5.04,1.65,4.2,4.8,1.68,4.42,5.25
"Ath Madrid","Betis",2,1,"H",1.57,4.2,5.75,1.55,4.33,5.5,1.58,4.36,5.73,1.53,4.33,5.5,1.59,4.5,6.11
"Mallorca","Girona",1,0,"H",3.25,3.2,2.3,3.2,3.3,2.25,3.27,3.3,2.35,3.1,3.3,2.3,3.35,3.5,2.38
"Ath Bilbao","Barcelona",0,0,"D",2.88,3.5,2.4,2.65,3.5,2.5,2.94,3.54,2.43,2.75,3.6,2.38,2.97,3.75,2.5
"Osasuna","Alaves",1,0,"H",2.38,3.1,3.25,2.35,3.1,3.2,2.44,3.05,3.38,2.3,3.2,3.2,2.47,3.24,3.41
"Barcelona","Mallorca",1,0,"H",1.44,4.75,6.5,1.46,4.4,7,1.47,4.68,7.38,1.44,4.4,7,1.5,4.8,7.6
"Valencia","Getafe",1,0,"H",2,3.2,4.2,2,3.2,4.1,2,3.15,4.62,1.95,3.25,4.2,2.05,3.33,4.62
"Cadiz","Ath Madrid",2,0,"H",4.75,3.6,1.73,4.8,3.7,1.72,4.96,3.76,1.76,4.8,3.75,1.7,5.13,3.82,1.79
"Granada","Sociedad",2,3,"A",4.5,3.3,1.85,4.4,3.4,1.88,4.45,3.5,1.91,4.2,3.5,1.85,4.75,3.6,1.95
"Girona","Osasuna",2,0,"H",1.62,4.2,5.25,1.61,4,5.25,1.62,4.2,5.54,1.57,4.2,5.5,1.65,4.37,5.75
"Alaves","Vallecano",1,0,"H",2.15,3.1,3.75,2.15,3.1,3.7,2.2,3.1,3.89,2.1,3.2,3.7,2.22,3.33,3.97
"Las Palmas","Ath Bilbao",0,2,"A",4,3.3,2,3.75,3.3,2.05,4.14,3.38,2.01,3.8,3.4,2,4.2,3.53,2.11
"Real Madrid","Celta",4,0,"H",1.3,6,8,1.3,5.75,9.5,1.29,6.13,10.04,1.29,5.8,9.5,1.33,6.4,10.5
"Betis","Villarreal",2,3,"A",2.05,3.5,3.4,2.05,3.5,3.4,2.08,3.66,3.59,2,3.7,3.4,2.16,3.75,3.66
"Almeria","Sevilla",2,2,"D",3.1,3.3,2.38,3,3.3,2.37,3.11,3.36,2.42,3,3.3,2.38,3.16,3.41,2.48
"Sociedad","Cadiz",2,0,"H",1.5,4,8.5,1.5,3.8,8,1.48,4.15,8.55,1.44,3.9,8.5,1.52,4.21,9
"Mallorca","Granada",1,0,"H",1.83,3.3,5,1.85,3.4,4.5,1.84,3.43,5,1.8,3.4,4.75,1.88,3.58,5.09
"Osasuna","Real Madrid",2,4,"A",5.75,4.2,1.55,5.75,4.1,1.58,6.12,4.36,1.55,6,4.2,1.53,6.5,4.42,1.59
"Getafe","Girona",1,0,"H",3.1,3.5,2.25,3.1,3.5,2.25,3.13,3.56,2.31,3.1,3.4,2.25,3.29,3.61,2.33
"Ath Bilbao","Alaves",2,0,"H",1.55,3.75,7,1.55,3.8,6.5,1.55,4.08,6.75,1.53,3.9,6.5,1.6,4.2,7
"Sevilla","Celta",1,2,"A",2,3.4,3.75,2,3.4,3.75,2.03,3.45,4.05,1.95,3.4,3.9,2.09,3.5,4.1
"Las Palmas","Almeria",0,1,"A",1.95,3.5,4,1.87,3.6,4.1,1.92,3.65,4.18,1.85,3.5,4.2,1.96,3.72,4.31
"Villarreal","Valencia",1,0,"H",2.05,3.5,3.6,2.05,3.5,3.6,2.13,3.49,3.61,2.1,3.4,3.4,2.17,3.55,3.7
"Vallecano","Betis",2,0,"H",2.5,3.25,3,2.4,3.2,3,2.51,3.31,3,2.45,3.25,2.9,2.59,3.37,3.1
"Ath Madrid","Barcelona",0,3,"A",2.38,3.6,2.8,2.3,3.6,2.85,2.42,3.66,2.89,2.3,3.8,2.75,2.47,3.83,2.98
"Cadiz","Granada",1,0,"H",2,3.3,4.2,2,3.2,4,2.02,3.37,4.23,2,3.3,3.9,2.05,3.5,4.3
"Getafe","Sevilla",0,1,"A",2.55,3.1,3,2.5,3.1,2.95,2.54,3.19,3.07,2.5,3,3.1,2.6,3.25,3.13
"Almeria","Osasuna",0,3,"A",2.63,3.2,2.8,2.65,3.25,2.7,2.63,3.25,2.89,2.62,3.1,2.8,2.66,3.35,2.93
"Valencia","Mallorca",0,0,"D",2.05,3,4.2,2.05,2.9,4.2,2.09,2.99,4.52,2.1,2.8,4.5,2.15,3.07,4.6
"Barcelona","Las Palmas",1,0,"H",1.25,6.5,10,1.28,6,9.75,1.27,6.49,10.02,1.25,6,10,1.31,6.8,11.5
"Celta","Vallecano",0,0,"D",1.95,3.3,4,2,3.3,3.8,1.97,3.4,4.29,1.91,3.5,4,2,3.59,4.4
"Girona","Betis",3,2,"H",1.75,3.8,4.75,1.72,3.9,4.5,1.79,3.98,4.4,1.75,4,4.2,1.83,4.11,4.75
"Alaves","Sociedad",0,1,"A",3.5,2.9,2.38,3.25,3,2.4,3.48,2.98,2.44,3.4,2.88,2.4,3.6,3.06,2.48
"Real Madrid","Ath Bilbao",2,0,"H",1.53,4.33,6,1.55,4.2,5.75,1.57,4.36,5.87,1.53,4.2,5.8,1.59,4.47,6.11
"Villarreal","Ath Madrid",1,2,"A",2.9,3.75,2.25,3,3.7,2.2,2.99,3.72,2.32,2.9,3.75,2.2,3.1,3.83,2.34
"Granada","Valencia",0,1,"A",3.4,3.1,2.3,3.25,3.2,2.3,3.37,3.23,2.34,3.2,3.25,2.25,3.41,3.33,2.37
"Betis","Celta",2,1,"H",2.1,3.4,3.5,2,3.4,3.7,2.12,3.5,3.7,2,3.5,3.6,2.13,3.6,3.9
"Ath Madrid","Girona",3,1,"H",1.91,3.6,3.8,1.98,3.7,3.6,1.97,3.88,3.71,1.95,3.8,3.5,2,3.94,3.9
"Vallecano","Getafe",0,0,"D",2.2,3,3.7,2.2,3.1,3.6,2.26,3.07,3.77,2.2,3,3.7,2.31,3.12,3.9
"Mallorca","Real Madrid",0,1,"A",5,3.6,1.75,4.6,3.6,1.77,5.09,3.68,1.76,4.75,3.6,1.75,5.2,3.75,1.82
"Cadiz","Barcelona",0,1,"A",4.33,3.6,1.83,4.2,3.6,1.83,4.43,3.5,1.91,4.2,3.7,1.8,4.5,3.8,1.93
"Las Palmas","Sevilla",0,2,"A",2.7,3.2,2.7,2.6,3.25,2.7,2.8,3.11,2.83,2.7,3.25,2.62,2.84,3.41,2.86
"Granada","Alaves",2,0,"H",3,3,2.55,3.1,3.1,2.45,3.12,3.14,2.54,3,3.1,2.45,3.21,3.23,2.64
"Ath Bilbao","Villarreal",1,1,"D",1.75,4,4.33,1.77,3.9,4.2,1.78,4.02,4.47,1.75,3.9,4.33,1.83,4.11,4.55
"Sociedad","Almeria",2,2,"D",1.33,5,10,1.33,5.25,9.5,1.34,5.32,9.55,1.3,5.5,10,1.36,5.5,11
"Osasuna","Valencia",0,1,"A",2.2,3.1,3.75,2.25,3,3.5,2.2,3.14,3.68,2.15,3.2,3.6,2.27,3.29,3.77
"Ath Bilbao","Granada",1,1,"D",1.25,6,11,1.28,5.5,11,1.28,6.09,12.01,1.25,5.8,11,1.3,6.2,14
"Celta","Las Palmas",4,1,"H",1.73,3.75,5,1.77,3.6,4.6,1.76,3.72,4.99,1.73,3.7,4.8,1.8,3.84,5.1
"Vallecano","Osasuna",2,1,"H",2.2,3.1,3.6,2.2,3.1,3.6,2.24,3.12,3.73,2.15,3.2,3.5,2.28,3.29,3.79
"Valencia","Betis",1,2,"A",2.2,3.2,3.5,2.2,3.2,3.5,2.25,3.28,3.52,2.15,3.3,3.5,2.27,3.47,3.75
"Girona","Cadiz",4,1,"H",1.4,4.75,8,1.44,4.6,6.75,1.43,4.89,7.51,1.4,4.75,7.5,1.46,5.1,8
"Getafe","Sociedad",1,1,"D",3.8,3.1,2.15,3.75,3.1,2.15,3.88,3.07,2.22,3.75,3.2,2.1,3.95,3.29,2.24
"Almeria","Villarreal",1,2,"A",3.4,3.8,2.05,3.4,3.7,2.05,3.32,3.81,2.05,3.4,3.7,2,3.6,3.94,2.1
"Alaves","Ath Madrid",2,0,"H",4,3.5,1.95,3.9,3.4,1.98,4.21,3.4,1.99,4,3.5,1.91,4.33,3.6,2.01
"Real Madrid","Barcelona",3,2,"H",1.85,3.8,4,1.85,3.8,3.9,1.88,3.96,3.99,1.83,4,3.75,1.93,4.16,4.1
"Sevilla","Mallorca",2,1,"H",1.95,3.1,4.5,1.95,3.2,4.4,2.02,3.02,4.81,1.91,3.2,4.4,2.04,3.34,5
"Sociedad","Real Madrid",0,1,"A",2.45,3.25,2.9,2.45,3.1,3,2.51,3.23,3.14,2.5,3.2,2.88,2.7,3.39,3.19
"Las Palmas","Girona",0,2,"A",4.5,3.8,1.75,4.1,3.9,1.8,4.49,4.04,1.77,4.2,4,1.75,4.6,4.11,1.83
"Almeria","Getafe",1,3,"A",2.7,3.4,2.63,2.75,3.25,2.55,2.69,3.3,2.67,2.7,3.25,2.6,2.85,3.41,2.75
"Alaves","Celta",3,0,"H",2.75,3.1,2.7,2.5,3.2,2.95,2.7,3.09,2.95,2.6,3.1,2.8,2.75,3.21,3
"Ath Madrid","Ath Bilbao",3,1,"H",1.95,3.5,4,2,3.5,3.7,1.97,3.57,4.05,1.91,3.7,3.75,2.03,3.72,4.1
"Cadiz","Mallorca",1,1,"D",2.5,2.9,3.2,2.55,2.85,3.2,2.69,2.85,3.23,2.5,2.88,3.2,2.7,2.95,3.31
"Granada","Osasuna",3,0,"H",2.55,3.1,3,2.55,3.1,2.9,2.64,3.15,2.97,2.6,3.2,2.8,2.67,3.24,3.02
"Villarreal","Vallecano",3,0,"H",1.65,4,5,1.75,3.8,4.4,1.74,3.93,4.84,1.7,3.9,4.6,1.77,4.09,5
"Betis","Sevilla",1,1,"D",2.05,3.4,3.6,2.1,3.3,3.6,2.08,3.42,3.84,2.05,3.4,3.6,2.15,3.52,3.89
"Barcelona","Valencia",4,2,"H",1.36,5,7.5,1.38,5,7.75,1.36,5.49,8.18,1.33,5,8.5,1.4,5.7,9
"Getafe","Ath Bilbao",0,2,"A",4,3.2,2.05,3.6,2.95,1.95,4.08,3.3,2.08,3.9,3.2,2.05,4.1,3.37,2.15
"Sociedad","Las Palmas",2,0,"H",1.33,5,10,1.36,4.8,9,1.36,5.08,9.57,1.33,4.8,9.5,1.4,5.2,10
"Real Madrid","Cadiz",3,0,"H",1.33,5.25,8.5,1.34,5.25,9,1.35,5.53,8.54,1.33,5,9,1.39,5.7,11
"Girona","Barcelona",4,2,"H",2.7,3.75,2.4,2.65,3.75,2.37,2.75,3.87,2.43,2.7,3.8,2.38,2.85,3.92,2.47
"Mallorca","Ath Madrid",0,1,"A",3.75,3.2,2.15,3.6,3.2,2.15,3.82,3.16,2.19,3.7,3.2,2.1,3.91,3.31,2.21
"Osasuna","Betis",0,2,"A",3.2,3.25,2.38,3.1,3.25,2.35,3.22,3.29,2.39,3.1,3.3,2.3,3.33,3.35,2.43
"Celta","Villarreal",3,2,"H",2.3,3.6,2.88,2.3,3.6,2.87,2.44,3.69,2.84,2.38,3.6,2.75,2.48,3.75,2.93
"Valencia","Alaves",0,1,"A",2.1,3,4,2.1,3,3.9,2.15,2.93,4.37,2.05,3,4.2,2.19,3.15,4.45
"Sevilla","Granada",3,0,"H",1.65,4,5.25,1.63,4,5,1.67,4.08,5.18,1.62,4.2,5,1.71,4.2,5.5
"Vallecano","Almeria",0,1,"A",1.57,4,5.75,1.55,4.2,5.75,1.6,4.2,5.76,1.55,4.2,5.8,1.63,4.31,6
"Alaves","Girona",2,2,"D",3.5,3.6,2.05,3.3,3.5,2.1,3.57,3.63,2.12,3.4,3.6,2.05,3.62,3.7,2.15
"Mallorca","Las Palmas",1,0,"H",1.65,3.5,6.5,1.65,3.3,6.25,1.62,3.32,7.34,1.62,3.5,6.5,1.73,3.6,7.8
"Villarreal","Sevilla",3,2,"H",1.83,4,3.8,1.88,3.9,3.75,1.84,3.94,3.91,1.85,3.9,3.75,1.91,4.16,4
"Granada","Real Madrid",0,4,"A",5.5,4.6,1.53,6,4.4,1.52,5.32,4.58,1.54,6,4.5,1.5,6.27,4.8,1.58
"Ath Bilbao","Osasuna",2,2,"D",1.44,4.33,7.5,1.47,4.33,7,1.45,4.29,7.49,1.44,4.33,7.5,1.51,4.6,8.1
"Cadiz","Getafe",1,0,"H",2.1,3.2,3.8,2.1,3.1,3.9,2.1,3.28,3.71,2.05,3.2,3.8,2.19,3.4,4
"Ath Madrid","Celta",1,0,"H",1.42,4.75,7,1.44,4.75,6.75,1.43,4.22,8.29,1.44,4.75,7,1.49,5,8.8
"Valencia","Vallecano",0,0,"D",2.25,3.1,3.5,2.3,3.1,3.4,2.27,3,3.63,2.2,3.1,3.5,2.33,3.18,3.75
"Betis","Almeria",3,2,"H",1.33,5.5,8.5,1.37,5.25,7.5,1.35,5.27,8.02,1.33,5.5,8.5,1.4,5.7,9
"Barcelona","Sociedad",2,0,"H",1.8,3.6,4.5,1.85,3.6,4.2,1.79,3.74,4.39,1.8,3.75,4.33,1.85,3.91,4.6
"Osasuna","Mallorca",1,1,"D",2.8,2.9,2.88,2.8,2.85,2.87,2.88,2.92,2.96,2.62,3,2.88,2.91,3,3
"Real Madrid","Alaves",5,0,"H",1.22,7.5,11,1.21,6.75,14,1.21,7.35,14.08,1.18,7,15,1.24,7.8,15
"Girona","Villarreal",0,1,"A",1.7,4.5,4.2,1.7,4.4,4.2,1.72,4.58,4.36,1.67,4.5,4.2,1.73,4.72,4.5
"Sevilla","Cadiz",0,1,"A",1.9,3.6,4,1.88,3.5,4.1,1.92,3.69,4.13,1.85,3.7,4,1.95,3.73,4.27
"Vallecano","Granada",2,1,"H",1.65,3.8,5.5,1.66,3.7,5.5,1.68,3.79,5.66,1.62,3.8,5.5,1.74,3.91,6
"Celta","Ath Bilbao",2,1,"H",2.63,3.3,2.7,2.55,3.3,2.7,2.6,3.35,2.73,2.6,3.3,2.7,2.69,3.45,2.83
"Getafe","Ath Madrid",0,3,"A",4.75,3.4,1.83,4.5,3.5,1.8,4.78,3.53,1.78,4.5,3.6,1.8,5,3.7,1.88
"Las Palmas","Betis",2,2,"D",4,3.5,1.91,3.9,3.5,1.93,4.14,3.67,1.92,4,3.5,1.91,4.2,3.71,2.01
"Almeria","Barcelona",0,2,"A",6.5,5,1.44,6.25,5.25,1.42,6.79,5.43,1.41,7,5.5,1.36,7.2,5.6,1.46
"Sociedad","Valencia",1,0,"H",1.6,3.9,5.75,1.63,3.7,5.75,1.66,3.75,6,1.62,3.7,5.8,1.71,3.9,6.3
"Alaves","Getafe",1,0,"H",2,3.2,4.1,2.05,3.2,3.9,2.07,3.18,4.21,2,3.25,3.9,2.11,3.34,4.3
"Ath Bilbao","Sevilla",2,0,"H",1.7,3.9,4.75,1.75,3.75,4.6,1.7,3.79,4.92,1.67,4,4.75,1.79,4.03,5.2
"Ath Madrid","Osasuna",1,4,"A",1.4,4.5,8,1.42,4.8,7.25,1.39,4.87,7.58,1.4,4.8,7.5,1.46,5.2,8.1
"Barcelona","Vallecano",3,0,"H",1.25,6,12,1.26,6.25,10.5,1.26,5.94,9.7,1.25,5.8,11,1.31,6.5,12
"Betis","Sociedad",0,2,"A",2.55,3.2,2.88,2.5,3.1,2.95,2.66,3.06,2.89,2.5,3.1,3,2.74,3.25,3
"Cadiz","Las Palmas",0,0,"D",1.8,3.5,4.75,1.8,3.4,4.6,1.85,3.43,4.55,1.8,3.5,4.5,1.91,3.58,5
"Granada","Celta",1,2,"A",3.7,3.6,2,3.4,3.5,2.1,3.81,3.53,1.98,3.4,3.7,2,3.84,3.85,2.12
"Mallorca","Almeria",2,2,"D",1.5,4.1,7,1.5,4,6.5,1.48,4.23,6.88,1.5,4.2,7,1.54,4.4,7.3
"Valencia","Girona",1,3,"A",3,3.5,2.3,2.85,3.5,2.35,3.05,3.58,2.25,2.75,3.6,2.38,3.19,3.75,2.44
"Villarreal","Real Madrid",4,4,"D",3.2,3.75,2.05,3.25,3.9,2.05,3.2,3.85,2.09,3.2,4,2,3.4,4.16,2.18
"Girona","Granada",7,0,"H",1.22,6.5,12,1.24,6.75,11,1.22,7.22,10.68,1.2,7,12,1.25,7.7,13
"Osasuna","Villarreal",1,1,"D",2.9,3.6,2.3,2.85,3.75,2.25,2.9,3.78,2.33,2.88,3.75,2.25,3,3.86,2.37
"Sociedad","Ath Madrid",0,2,"A",2.4,3.3,3,2.37,3.4,2.87,2.42,3.49,2.96,2.38,3.5,2.8,2.47,3.6,3.02
"Almeria","Cadiz",6,1,"H",2.05,3.6,3.5,2.15,3.5,3.25,2.08,3.63,3.52,2.05,3.6,3.4,2.19,3.74,3.59
"Vallecano","Ath Bilbao",0,1,"A",2.88,3.5,2.38,2.85,3.5,2.37,2.87,3.54,2.45,2.8,3.5,2.38,2.97,3.62,2.49
"Real Madrid","Betis",0,0,"D",1.33,6,7.5,1.36,5.5,7,1.35,5.67,7.79,1.36,5.5,7,1.42,6,8
"Getafe","Mallorca",1,2,"A",2.3,3.25,3.2,2.3,3.2,3.25,2.35,3.21,3.31,2.25,3.25,3.2,2.4,3.39,3.36
"Celta","Valencia",2,2,"D",1.95,3.5,3.8,2,3.5,3.7,1.96,3.57,3.99,1.95,3.5,3.8,2.02,3.66,4.1
"Las Palmas","Alaves",1,1,"D",2.4,3.3,3,2.45,3.3,2.87,2.53,3.34,2.91,2.4,3.4,2.88,2.56,3.45,3
"Sevilla","Barcelona",1,2,"A",4,4,1.8,3.7,4,1.87,3.98,4.11,1.83,3.8,4.2,1.8,4.13,4.33,1.87
